Kommune,Region
Albertslund, Region Hovedstaden
Allerød, Region Hovedstaden
Assens, Region Syddanmark
Ballerup, Region Hovedstaden
Billund, Region Syddanmark
Bornholm, Region Hovedstaden
Brøndby, Region Hovedstaden
Brønderslev, Region Nordjylland
Dragør, Region Hovedstaden
Egedal, Region Hovedstaden
Esbjerg, Region Syddanmark
Fanø, Region Syddanmark
Favrskov, Region Midtjylland
Faxe, Region Sjælland
Fredensborg, Region Hovedstaden
Fredericia, Region Syddanmark
Frederiksberg, Region Hovedstaden
Frederikshavn, Region Nordjylland
Frederikssund, Region Hovedstaden
Furesø, Region Hovedstaden
Faaborg-Midtfyn, Region Syddanmark
Gentofte, Region Hovedstaden
Gladsaxe, Region Hovedstaden
Glostrup, Region Hovedstaden
Greve, Region Sjælland
Gribskov, Region Hovedstaden
Guldborgsund, Region Sjælland
Haderslev, Region Syddanmark
Halsnæs, Region Hovedstaden
Hedensted, Region Midtjylland
Helsingør, Region Hovedstaden
Herlev, Region Hovedstaden
Herning, Region Midtjylland
Hillerød, Region Hovedstaden
Hjørring, Region Nordjylland
Holbæk, Region Sjælland
Holstebro, Region Midtjylland
Horsens, Region Midtjylland
Hvidovre, Region Hovedstaden
Høje-Taastrup, Region Hovedstaden
Hørsholm, Region Hovedstaden
Ikast-Brande, Region Midtjylland
Ishøj, Region Hovedstaden
Jammerbugt, Region Nordjylland
Kalundborg, Region Sjælland
Kerteminde, Region Syddanmark
Kolding, Region Syddanmark
Copenhagen, Region Hovedstaden
Køge, Region Sjælland
Langeland, Region Syddanmark
Lejre, Region Sjælland
Lemvig, Region Midtjylland
Lolland, Region Sjælland
Lyngby-Taarbæk, Region Hovedstaden
Læsø, Region Nordjylland
Mariagerfjord, Region Nordjylland
Middelfart, Region Syddanmark
Morsø, Region Nordjylland
Norddjurs, Region Midtjylland
Nordfyns, Region Syddanmark
Nyborg, Region Syddanmark
Næstved, Region Sjælland
Odder, Region Midtjylland
Odense, Region Syddanmark
Odsherred, Region Sjælland
Randers, Region Midtjylland
Rebild, Region Nordjylland
Ringkøbing-Skjern, Region Midtjylland
Ringsted, Region Sjælland
Roskilde, Region Sjælland
Rudersdal, Region Hovedstaden
Rødovre, Region Hovedstaden
Samsø, Region Midtjylland
Silkeborg, Region Midtjylland
Skanderborg, Region Midtjylland
Skive, Region Sjælland
Slagelse, Region Sjælland
Solrød, Region Sjælland
Sorø, Region Sjælland
Stevns, Region Midtjylland
Struer, Region Syddanmark
Svendborg, Region Midtjylland
Syddjurs, Region Syddanmark
Sønderborg, Region Nordjylland
Thisted, Region Syddanmark
Tønder, Region Hovedstaden
Tårnby, Region Hovedstaden
Vallensbæk, Region Syddanmark
Varde, Region Syddanmark
Vejen, Region Syddanmark
Vejle, Region Nordjylland
Vesthimmerland, Region Midtjylland
Viborg, Region Sjælland
Vordingborg, Region Syddanmark
Ærø, Region Syddanmark
Aabenraa, Region Nordjylland
Aalborg, Region Midtjylland
Aarhus, Region Midtjylland
Vesthimmerlands, Region Midtjylland
